trip_id,date,start_time,end_time
trip_0,0040-04-24,09:00:00,21:00:00
trip_1,2040-06-16,06:29:00,12:36:00
trip_2,2040-06-28,08:23:00,08:23:00
trip_3,2040-06-06,07:28:00,07:59:00
trip_4,2040-07-17,07:50:00,14:42:00
trip_5,0040-07-24,09:00:00,21:00:00
trip_6,2040-05-15,08:44:00,10:21:00
trip_7,0040-07-17,09:31:00,03:00:00
trip_8,0040-06-26,09:00:00,21:00:00
trip_9,0040-04-24,08:56:00,11:40:00
trip_10,2040-05-31,06:07:00,07:57:00
trip_11,0040-07-10,09:00:00,21:00:00
trip_12,2040-07-08,10:50:00,11:39:00
trip_13,0040-07-10,09:00:00,21:36:00
trip_14,2040-04-22,06:18:00,07:12:00
trip_15,0040-04-24,09:00:00,21:00:00
trip_16,2040-04-08,09:00:00,21:00:00
trip_17,2040-05-02,06:59:00,07:36:00
trip_18,2040-05-17,07:42:00,08:35:00
trip_19,0040-04-10,09:00:00,21:00:00
trip_20,0040-05-27,06:07:00,13:00:00
trip_21,2040-06-05,11:00:00,21:00:00
trip_22,0040-06-03,07:46:00,09:33:00
trip_23,0040-07-10,09:00:00,21:00:00
trip_24,2040-04-07,11:00:00,21:00:00
trip_25,2040-06-17,09:32:00,10:21:00
trip_26,0040-05-01,09:17:00,13:00:00
trip_27,2040-07-07,08:49:00,14:49:00
trip_28,2040-05-10,09:00:00,21:00:00
trip_29,2040-07-16,09:37:00,12:15:00
trip_30,2040-05-17,09:00:00,21:00:00
trip_31,0040-07-03,08:23:00,06:30:00
trip_32,2040-06-06,07:13:00,09:01:00
trip_33,0040-06-04,07:00:00,19:00:00
trip_34,2040-07-01,09:14:00,09:55:00
trip_35,2040-04-04,09:00:00,21:00:00
trip_36,2040-05-25,06:34:00,08:24:00
trip_37,2040-06-20,06:23:00,07:20:00
trip_38,2040-04-14,09:00:00,21:00:00
trip_39,2040-04-13,08:40:00,09:44:00
trip_40,2040-06-15,07:10:00,07:10:00
trip_41,0040-04-10,06:30:00,10:25:00
trip_42,2040-06-09,06:38:00,08:23:00
trip_43,2040-04-04,08:37:00,09:42:00
trip_44,2040-06-07,09:00:00,21:00:00
trip_45,2040-06-16,11:00:00,21:00:00
trip_46,0040-05-08,07:45:00,09:59:00
trip_47,0040-04-10,06:38:00,09:31:00
trip_48,2040-06-27,09:00:00,21:00:00
trip_49,0040-06-12,08:34:00,06:28:00
trip_50,2040-08-01,09:24:00,09:57:00
trip_51,2040-06-25,09:00:00,21:00:00
trip_52,2040-07-11,09:00:00,21:00:00
trip_53,0040-04-03,08:28:00,06:28:00
trip_54,2040-07-10,09:08:00,10:06:00
trip_55,0040-05-15,07:39:00,10:47:00
trip_56,0040-06-05,09:00:00,21:43:00
trip_57,2040-06-05,07:18:00,11:19:00
trip_58,0040-05-15,09:00:00,21:00:00
trip_59,2040-05-27,11:00:00,21:00:00
trip_60,2040-04-06,08:40:00,09:32:00
trip_61,2040-06-23,07:48:00,11:52:00
trip_62,2040-05-03,09:00:00,21:00:00
trip_63,2040-05-14,09:00:00,21:00:00
trip_64,0040-06-05,09:00:00,21:14:00
trip_65,0040-05-23,06:19:00,08:27:00
trip_66,0040-07-10,08:25:00,06:35:00
trip_67,2040-06-06,09:00:00,21:00:00
trip_68,2040-05-27,08:16:00,09:55:00
trip_69,0040-04-17,09:00:00,21:54:00
trip_70,2040-05-13,14:00:00,19:00:00
trip_71,2040-05-15,09:00:00,21:00:00
trip_72,2040-07-17,09:00:00,21:00:00
trip_73,2040-05-19,09:00:00,21:00:00
trip_74,2040-05-20,09:00:00,21:00:00
trip_75,2040-06-14,07:42:00,08:26:00
trip_76,2040-05-24,09:00:00,21:00:00
trip_77,0040-05-15,07:37:00,10:17:00
trip_78,2040-05-22,14:00:00,19:00:00
trip_79,2040-07-13,09:00:00,21:00:00
trip_80,2040-04-23,08:10:00,10:21:00
trip_81,2040-04-01,09:00:00,21:00:00
trip_82,2040-06-12,08:48:00,08:48:00
trip_83,2040-06-22,06:38:00,08:52:00
trip_84,2040-05-10,07:20:00,08:09:00
trip_85,2040-04-17,11:00:00,21:00:00
trip_86,2040-06-16,09:17:00,09:33:00
trip_87,0040-04-24,09:00:00,21:00:00
trip_88,2040-04-08,07:43:00,08:51:00
trip_89,2040-05-19,09:00:00,21:00:00
trip_90,2040-07-09,08:42:00,09:28:00
trip_91,2040-04-01,07:57:00,08:55:00
trip_92,2040-06-17,09:00:00,21:00:00
trip_93,2040-07-27,08:29:00,10:15:00
trip_94,2040-07-15,09:00:00,21:00:00
trip_95,2040-07-26,07:42:00,08:51:00
trip_96,0040-04-10,08:25:00,03:00:00
trip_97,2040-06-05,09:00:00,21:00:00
trip_98,2040-05-24,07:00:00,19:00:00
trip_99,2040-04-26,07:10:00,09:40:00
trip_100,2040-06-01,08:56:00,09:21:00
trip_101,2040-07-06,09:00:00,21:00:00
trip_102,2040-07-30,07:34:00,08:00:00
trip_103,0040-07-17,08:42:00,11:13:00
trip_104,0040-06-05,09:59:00,06:30:00
trip_105,0040-06-26,09:00:00,21:00:00
trip_106,0040-04-19,07:00:00,19:00:00
trip_107,2040-05-29,07:16:00,08:08:00
trip_108,2040-07-20,09:31:00,11:30:00
trip_109,0040-06-19,09:00:00,21:13:00
trip_110,0040-07-17,09:00:00,21:13:00
trip_111,2040-06-29,09:00:00,21:00:00
trip_112,2040-07-10,11:00:00,21:00:00
trip_113,0040-04-24,08:16:00,03:00:00
trip_114,0040-05-14,07:31:00,10:21:00
trip_115,2040-07-17,09:00:00,21:00:00
trip_116,0040-06-01,07:07:00,13:00:00
trip_117,0040-04-03,09:00:00,21:00:00
trip_118,2040-05-20,09:00:00,21:00:00
trip_119,2040-05-16,14:00:00,14:00:00
trip_120,2040-07-21,07:00:00,19:00:00
trip_121,0040-06-12,09:00:00,21:00:00
trip_122,2040-06-18,07:03:00,07:03:00
trip_123,2040-05-28,08:02:00,11:00:00
trip_124,2040-04-10,09:03:00,09:43:00
trip_125,2040-04-03,09:00:00,21:00:00
trip_126,0040-06-26,07:18:00,10:36:00
trip_127,2040-05-15,09:11:00,09:53:00
trip_128,2040-06-20,06:36:00,07:02:00
trip_129,2040-04-13,09:43:00,10:18:00
trip_130,2040-05-12,11:00:00,21:00:00
trip_131,2040-04-02,09:00:00,21:00:00
trip_132,0040-04-24,06:59:00,09:19:00
trip_133,0040-07-24,09:00:00,21:00:00
trip_134,2040-05-05,14:00:00,19:00:00
trip_135,2040-06-20,07:48:00,09:32:00
trip_136,2040-07-09,07:12:00,12:04:00
trip_137,2040-06-18,09:00:00,21:00:00
trip_138,0040-05-28,07:15:00,08:40:00
trip_139,0040-04-17,09:00:00,21:00:00
trip_140,0040-06-12,09:00:00,21:00:00
trip_141,2040-06-11,08:53:00,09:53:00
trip_142,2040-04-15,09:01:00,10:52:00
trip_143,2040-07-24,09:53:00,15:04:00
trip_144,2040-07-15,09:00:00,21:00:00
trip_145,0040-04-17,09:00:00,21:44:00
trip_146,0040-04-06,06:09:00,07:36:00
trip_147,2040-06-02,06:59:00,08:38:00
trip_148,2040-06-14,07:05:00,09:24:00
trip_149,0040-05-06,14:00:00,19:00:00
trip_150,0040-06-19,06:51:00,09:25:00
trip_151,2040-05-21,08:19:00,09:17:00
trip_152,2040-04-02,08:53:00,09:21:00
trip_153,0040-05-15,13:00:00,06:13:00
trip_154,2040-05-02,09:00:00,21:00:00
trip_155,2040-04-23,06:13:00,08:11:00
trip_156,2040-07-24,06:38:00,08:04:00
trip_157,2040-07-03,09:00:00,21:00:00
trip_158,0040-06-12,09:56:00,15:18:00
trip_159,2040-04-12,08:05:00,10:12:00
trip_160,2040-05-21,07:20:00,08:44:00
trip_161,2040-07-06,09:39:00,10:13:00
trip_162,2040-07-21,09:00:00,21:00:00
trip_163,2040-07-29,06:21:00,08:06:00
trip_164,2040-06-28,09:45:00,11:09:00
trip_165,2040-04-29,08:29:00,09:44:00
trip_166,2040-04-30,09:00:00,21:00:00
trip_167,2040-06-17,09:00:00,21:00:00
trip_168,2040-04-24,09:00:00,21:00:00
trip_169,2040-04-11,09:00:00,21:00:00
trip_170,2040-04-15,07:19:00,09:19:00
trip_171,2040-05-30,06:34:00,07:29:00
trip_172,0040-06-26,09:00:00,21:48:00
trip_173,2040-06-28,09:00:00,21:00:00
trip_174,2040-05-02,07:16:00,08:30:00
trip_175,2040-06-24,09:00:00,21:00:00
trip_176,2040-05-17,09:17:00,09:58:00
trip_177,0040-04-01,09:00:00,21:00:00
trip_178,0040-06-22,07:00:00,19:00:00
trip_179,2040-06-01,06:22:00,06:22:00
trip_180,2040-07-04,09:00:00,21:00:00
trip_181,0040-05-22,09:27:00,12:22:00
trip_182,0040-05-08,06:25:00,03:00:00
trip_183,2040-06-11,14:00:00,14:00:00
trip_184,2040-04-19,06:25:00,07:04:00
trip_185,0040-04-10,07:09:00,09:45:00
trip_186,2040-06-17,09:00:00,21:00:00
trip_187,2040-06-06,09:00:00,21:00:00
trip_188,0040-06-20,09:00:00,21:00:00
trip_189,2040-06-04,07:05:00,07:05:00
trip_190,0040-05-08,09:00:00,21:00:00
trip_191,2040-07-01,08:44:00,09:42:00
trip_192,2040-05-17,06:38:00,10:44:00
trip_193,2040-07-07,09:00:00,21:00:00
trip_194,2040-06-09,09:00:00,21:00:00
trip_195,2040-04-28,11:00:00,21:00:00
trip_196,2040-04-03,14:00:00,14:00:00
trip_197,2040-07-18,09:00:00,21:00:00
trip_198,0040-06-05,07:17:00,10:33:00
trip_199,0040-07-24,08:18:00,10:28:00
trip_200,0040-07-03,08:50:00,12:13:00
trip_201,0040-07-03,13:00:00,06:00:00
trip_202,2040-04-15,09:24:00,10:30:00
trip_203,2040-04-04,09:00:00,21:00:00
trip_204,2040-03-31,06:00:00,07:37:00
trip_205,0040-07-03,09:00:00,21:00:00
trip_206,0040-07-03,09:00:00,21:00:00
trip_207,2040-05-08,09:00:00,21:00:00
trip_208,2040-05-07,07:25:00,08:11:00
trip_209,2040-04-26,06:17:00,07:06:00
trip_210,2040-07-24,09:00:00,21:00:00
trip_211,2040-07-01,09:45:00,09:45:00
trip_212,2040-07-11,09:00:00,21:00:00
trip_213,2040-07-19,09:00:00,21:00:00
trip_214,2040-06-05,07:36:00,07:36:00
trip_215,0040-05-08,09:00:00,21:00:00
trip_216,2040-04-30,07:06:00,07:42:00
trip_217,2040-04-19,09:16:00,09:16:00
trip_218,2040-07-01,11:00:00,21:00:00
trip_219,2040-06-10,08:35:00,09:17:00
trip_220,2040-06-24,07:38:00,10:32:00
trip_221,2040-06-22,09:00:00,21:00:00
trip_222,2040-06-25,09:57:00,10:38:00
trip_223,0040-05-22,09:13:00,03:00:00
trip_224,0040-05-18,07:08:00,07:37:00
trip_225,0040-06-19,13:00:00,06:50:00
trip_226,2040-05-09,07:48:00,08:44:00
trip_227,0040-07-16,07:28:00,08:00:00
trip_228,2040-04-19,09:00:00,21:00:00
trip_229,2040-06-24,08:07:00,09:20:00
trip_230,0040-05-01,13:00:00,06:46:00
trip_231,2040-06-01,09:00:00,21:00:00
trip_232,2040-04-18,07:22:00,09:01:00
trip_233,2040-06-12,07:54:00,07:54:00
trip_234,2040-06-27,06:47:00,07:55:00
trip_235,2040-05-03,09:00:00,21:00:00
trip_236,2040-06-21,09:00:00,21:00:00
trip_237,2040-04-01,08:55:00,09:30:00
trip_238,2040-06-30,07:15:00,07:51:00
trip_239,0040-07-10,08:59:00,12:04:00
trip_240,2040-04-30,11:00:00,21:00:00
trip_241,2040-06-26,08:56:00,08:56:00
trip_242,2040-07-19,08:23:00,09:02:00
trip_243,0040-04-03,09:00:00,21:00:00
trip_244,0040-06-19,09:00:00,21:37:00
trip_245,2040-05-27,09:00:00,21:00:00
trip_246,2040-05-06,09:00:00,21:00:00
trip_247,2040-05-07,07:36:00,07:36:00
trip_248,2040-06-12,14:00:00,19:00:00
trip_249,2040-05-21,14:00:00,19:00:00
trip_250,2040-06-07,14:00:00,19:00:00
trip_251,0040-04-03,09:00:00,21:17:00
trip_252,2040-04-10,09:36:00,10:45:00
trip_253,2040-04-01,07:37:00,09:26:00
trip_254,2040-05-18,07:25:00,09:04:00
trip_255,0040-05-08,09:00:00,21:55:00
trip_256,0040-05-01,09:00:00,21:00:00
trip_257,2040-07-20,09:00:00,21:00:00
trip_258,0040-05-22,07:19:00,12:42:00
trip_259,2040-07-04,06:41:00,12:13:00
trip_260,2040-08-01,07:37:00,07:37:00
trip_261,2040-07-03,09:00:00,21:00:00
trip_262,2040-05-10,09:20:00,09:20:00
trip_263,0040-04-03,07:18:00,12:12:00
trip_264,2040-04-12,08:46:00,09:28:00
trip_265,2040-06-13,08:07:00,09:33:00
trip_266,2040-05-07,10:57:00,12:57:00
trip_267,0040-04-08,07:53:00,09:48:00
trip_268,0040-04-17,07:14:00,10:07:00
trip_269,2040-07-12,09:00:00,21:00:00
trip_270,2040-07-08,09:00:00,21:00:00
trip_271,0040-05-01,07:40:00,11:24:00
trip_272,2040-07-15,08:22:00,09:17:00
trip_273,2040-05-13,09:00:00,21:00:00
trip_274,0040-05-10,07:06:00,08:57:00
trip_275,2040-05-06,08:42:00,14:52:00
trip_276,2040-06-27,07:00:00,19:00:00
trip_277,0040-06-12,09:00:00,21:00:00
trip_278,2040-05-29,08:07:00,08:59:00
trip_279,2040-04-17,08:56:00,10:18:00
trip_280,2040-06-22,08:36:00,09:50:00
trip_281,0040-04-17,08:41:00,06:24:00
trip_282,2040-06-28,06:39:00,07:11:00
trip_283,2040-08-01,09:52:00,11:54:00
trip_284,2040-04-08,09:00:00,21:00:00
trip_285,2040-07-07,08:25:00,11:02:00
trip_286,0040-05-22,09:00:00,21:39:00
trip_287,2040-05-25,09:00:00,21:00:00
trip_288,2040-04-22,07:39:00,08:34:00
trip_289,2040-05-31,06:52:00,08:44:00
trip_290,2040-05-22,09:00:00,21:00:00
trip_291,2040-08-02,09:00:00,21:00:00
trip_292,2040-07-26,08:40:00,11:34:00
trip_293,2040-07-19,09:24:00,10:20:00
trip_294,0040-07-24,09:00:00,21:00:00
trip_295,2040-07-18,07:39:00,08:48:00
trip_296,2040-04-02,07:45:00,12:05:00
trip_297,2040-06-24,06:29:00,07:09:00
trip_298,0040-04-10,09:00:00,21:54:00
trip_299,2040-07-30,08:21:00,09:06:00
trip_300,2040-07-23,07:30:00,10:04:00
trip_301,2040-05-05,07:00:00,19:00:00
trip_302,2040-07-23,09:07:00,13:31:00
trip_303,2040-07-25,09:00:00,21:00:00
trip_304,2040-07-18,09:00:00,21:00:00
trip_305,0040-05-01,09:00:00,21:00:00
trip_306,0040-07-10,07:09:00,09:10:00
trip_307,2040-07-11,09:00:00,21:00:00
trip_308,2040-04-08,09:32:00,17:22:00
trip_309,2040-07-22,09:00:00,21:00:00
trip_310,0040-07-17,09:00:00,21:00:00
trip_311,2040-04-22,09:00:00,21:00:00
trip_312,0040-04-10,09:00:00,21:00:00
trip_313,2040-07-27,09:00:00,21:00:00
trip_314,2040-06-25,07:53:00,10:51:00
trip_315,0040-05-15,09:00:00,21:53:00
trip_316,0040-05-22,09:00:00,21:55:00
trip_317,2040-04-27,09:12:00,09:12:00
trip_318,0040-06-05,09:00:00,21:00:00
trip_319,0040-07-17,08:08:00,12:53:00
trip_320,2040-04-27,14:00:00,19:00:00
trip_321,2040-05-01,09:32:00,11:28:00
trip_322,2040-06-23,09:00:00,21:00:00
trip_323,2040-06-03,09:00:00,21:00:00
trip_324,2040-07-04,06:59:00,08:36:00
trip_325,2040-05-04,06:36:00,07:46:00
trip_326,2040-05-24,09:00:00,21:00:00
trip_327,2040-07-02,07:07:00,07:07:00
trip_328,0040-06-05,07:22:00,11:07:00
trip_329,2040-05-15,09:56:00,09:56:00
trip_330,2040-08-02,08:07:00,08:43:00
trip_331,0040-05-15,06:40:00,03:00:00
trip_332,2040-05-06,08:44:00,11:10:00
trip_333,2040-04-27,06:59:00,06:59:00
trip_334,0040-06-19,07:05:00,11:23:00
trip_335,2040-04-24,09:00:00,21:00:00
trip_336,2040-06-23,08:05:00,09:35:00
trip_337,0040-06-26,08:40:00,12:58:00
trip_338,0040-07-17,09:00:00,21:52:00
trip_339,0040-07-03,07:47:00,11:10:00
trip_340,2040-07-04,07:37:00,08:58:00
trip_341,2040-07-12,07:00:00,19:00:00
